Timestamp,Event Name,Starting Date,"End Date (If Applicable, Leave Blank If One Day Duration)",Event Type,"If Re-occuring, Please, Specify (ie: every wednesday, every first Monday, etc...)",Reoccuring Date?
6/24/2026 12:26:52,$1 PRL LTO,7/26/2026,8/29/2026,LTO,,
6/24/2026 12:28:45,Brewchacho Negra ,7/29/2026,,Beer Release - Wholesale,,
6/24/2026 12:29:12,Anniversary Party,8/15/2026,,Party C,,
6/24/2026 12:33:49,$1 Colour & Shape LTO ,6/28/2026,7/25/2026,LTO,,
6/24/2026 12:34:17,$1 Happyness LTO,7/26/2026,8/29/2026,LTO,,
6/24/2026 12:35:46,Pleasant Day Fest,8/8/2026,,Off-Site Event,,
6/26/2026 10:26:32,Anniversary Month 20% Off GC Promo,8/1/2026,8/31/2026,External Promotion,Every Month Of August,
6/26/2026 14:11:17,The Creamery: Lemon Meringue,7/2/2026,7/2/2026,Beer Release,,
6/26/2026 14:12:41,Fountainbier: PIÑA,7/3/2026,7/3/2026,Beer Release - Wholesale,,
6/26/2026 14:14:19,Experimental #82,7/9/2026,7/9/2026,Beer Release,,
6/27/2026 10:44:42,Heavy Fruit - Sun Squeeze,7/2/2026,7/22/2026,Beer Release,,
6/27/2026 10:45:26,Heavy Fruit - Strawberry Matcha Latte,7/23/2026,8/12/2026,Beer Release,,
6/29/2026 13:16:47,Anniversary IPA,7/23/2026,,Beer Release - Wholesale,,
6/30/2026 7:34:06,Mondays Run Club at Superflux,7/6/2026,,Other,,
6/30/2026 7:34:25,Mondays Run Club at Superflux,8/3/2026,,Other,,
7/1/2026 13:29:19,Mondays Run Club @ Superflux,7/6/2026,,Other,,
7/1/2026 13:29:42,Mondays Run Club,8/10/2026,,Other,,
7/1/2026 13:30:41,FIFA World Cup - Spain vs Austria,7/2/2026,,Other,,
7/1/2026 13:36:34,FIFA Portugal vs Croatia @ 4PM,7/2/2026,,Other,,
7/1/2026 13:36:59,Switzerland vs Algeria @ 8PM,7/2/2026,,Other,,
7/1/2026 13:37:43,FIFA - Argentina vs Cabo Verde @ 3PM,7/3/2026,,Other,,
7/1/2026 13:38:05,FIFA - Colombia vs Ghana @ 6:30PM,7/3/2026,,Other,,
7/1/2026 13:38:29,FIFA - Canada vs Morocco @ 10AM,7/4/2026,,Other,,
7/1/2026 13:39:42,FIFA - Paraguay vs France @ 2PM,7/4/2026,,Other,,
7/1/2026 13:40:08,FIFA - Brazil vs Norway @ 1PM,7/5/2026,,Other,,
7/1/2026 13:40:35,FIFA - Mexico vs England @ 5PM,7/5/2026,,Other,,
7/6/2026 18:50:25,Switzerland vs. Colombia @ 1pm,7/7/2026,,Other,,
7/6/2026 18:50:52,France vs. Morocco @ 1pm - FIFA,7/9/2026,,Other,,
7/6/2026 18:51:19,Spain vs. TBD @ 12pm - FIFA,7/10/2026,,Other,,
7/6/2026 18:52:04,Norway vs. England @ 2pm - FIFA,7/11/2026,,Other,,
7/6/2026 18:52:29,TBD vs. TBD @ 6pm,7/11/2026,,Other,,
7/14/2026 9:14:38,Strawberry Matcha Latte Heavy Fruit,7/17/2026,,Features,,
7/14/2026 9:15:47,Mango Pash Heavy Fruit,8/1/2026,9/25/2026,Features,,
7/14/2026 9:18:59,Mixed Berry Waffle Whip Heavy Fruit,9/25/2026,10/23/2026,Features,,
7/14/2026 9:19:57,Key Lime Pie Heavy Fruit,10/23/2026,11/20/2026,Features,,
7/14/2026 17:37:52,Food Feature: Shrimp Rolls,7/18/2026,,Features,,
8/3/2026 11:45:39,Burgers!,8/8/2026,8/9/2026,Features,Trial for weekend guest check average,
8/11/2026 16:47:49,NOT AS WE KNOW IT GARAGE PROJECT COLLAB,8/11/2026,,Beer Release - Wholesale,,
8/11/2026 16:48:33,SOLANO,8/27/2026,,Beer Release - Wholesale,,
8/11/2026 16:49:02,EVERGREEN,9/15/2026,,Beer Release - Wholesale,,
8/11/2026 16:51:00,TOROA,9/30/2026,,Beer Release - Wholesale,,
8/11/2026 16:51:36,DREAMSCAPE,10/13/2026,,Beer Release - Wholesale,,
8/11/2026 16:53:08,$1 Easy Tiger LTO,8/30/2026,9/26/2026,LTO,,
8/11/2026 16:53:40,$1 Colour & Shape LTO,9/27/2026,10/24/2026,LTO,,
8/11/2026 16:54:23,$1 Happyness LTO,10/25/2026,11/21/2026,LTO,,
8/11/2026 16:54:53,$1 Premium Rice Lager LTO,10/25/2026,11/21/2026,LTO,,
8/14/2026 18:32:43,Oktoberfest,10/3/2026,,Party C,,
8/19/2026 14:37:52,Burger Day,8/22/2026,,Features,Every Saturday,
8/24/2026 11:05:54,Craft Beer Is Dead,8/20/2026,,Retail Exclusive Beer,,
8/24/2026 11:08:01,Hayame Festbier (Godspeed Collab),9/18/2026,,Seasonal Beer Release,,
8/24/2026 11:09:23,Smoke Em If You Go Em' Smoked Lager ,9/15/2026,,Retail Exclusive Beer,,
8/24/2026 11:10:27,The Creamery Banana Cream Pie,9/3/2026,,Retail Exclusive Beer,,
8/24/2026 11:11:02,Exp. DIPA #1,9/11/2026,,Retail Exclusive Beer,,
8/24/2026 11:12:43,Exp. #85 West Coast,9/11/2026,,Retail Exclusive Beer,,
8/24/2026 11:13:17,Drip Tiramisu Coffee Stout,9/22/2026,,Seasonal Beer Release,,
8/24/2026 11:14:04,The Creamery Pumpkin Pie,10/2/2026,,Retail Exclusive Beer,,
8/24/2026 11:14:37,Brewchacho' Negra,10/21/2026,,Seasonal Beer Release,,
8/24/2026 11:15:04,Exp. DIPA #2,10/8/2026,,Retail Exclusive Beer,,
8/24/2026 11:15:38,EXP #86 NZ Fresh Hop,10/15/2026,,Retail Exclusive Beer,,
8/24/2026 11:28:10,Another Green World (Human People Collab),8/6/2026,,Retail Exclusive Beer,,
8/24/2026 11:28:42,Colourer & Shapyest DIPA,8/5/2026,,Retail Exclusive Beer,,
8/24/2026 11:29:19,Exp. #84 2.9% ABV,8/13/2026,,Retail Exclusive Beer,,
9/9/2026 21:17:26,Car Free Day @ Hero's Welcome,9/13/2026,,Off-Site Event,,
9/9/2026 21:19:31,Petaluma,10/29/2026,,Seasonal Beer Release,,
9/9/2026 21:20:26,EXP #87,11/6/2026,,Retail Exclusive Beer,,
9/9/2026 21:21:30,Christmas IPA,11/17/2026,,Seasonal Beer Release,,
9/23/2026 16:44:36,Candyland,10/29/2026,,Retail Exclusive Beer,,
9/23/2026 16:45:41,EXP DIPA #3,10/28/2026,,Retail Exclusive Beer,,
9/23/2026 16:46:50,Wills Collab,11/12/2026,,Retail Exclusive Beer,,
9/23/2026 16:47:52,The Creamery Strawberry Cheesecake,11/18/2026,,Seasonal Beer Release,,
9/23/2026 16:48:33,EXP #88 ,11/26/2026,,Retail Exclusive Beer,,
